{
	"class_name" : "PinholeCameraParameters",
	"extrinsic" : 
	[
		0.72206992041952778,
		-0.57265526775284203,
		0.388176473192616,
		0.0,
		-0.25268108463155481,
		-0.74063279688064387,
		-0.62258760801527058,
		0.0,
		0.64402430039149761,
		0.35146693229900872,
		-0.6794878188794603,
		0.0,
		-0.26349818034004358,
		0.19672825620388679,
		24.05961262416163,
		1.0
	],
	"intrinsic" : 
	{
		"height" : 1080,
		"intrinsic_matrix" : 
		[
			935.30743608719376,
			0.0,
			0.0,
			0.0,
			935.30743608719376,
			0.0,
			959.5,
			539.5,
			1.0
		],
		"width" : 1920
	},
	"version_major" : 1,
	"version_minor" : 0
}