{
	"class_name" : "PinholeCameraParameters",
	"extrinsic" : 
	[
		0.24951315676906746,
		0.968371342078574,
		0.00035838537384288126,
		0.0,
		0.18110094231717425,
		-0.046299386779111641,
		-0.98237407105221886,
		0.0,
		-0.95128630458498997,
		0.24518015952523489,
		-0.18692526871510459,
		0.0,
		6.7271348727970803e-05,
		-1.7800388027788827e-05,
		27.008718955701656,
		1.0
	],
	"intrinsic" : 
	{
		"height" : 1494,
		"intrinsic_matrix" : 
		[
			1293.8419532539515,
			0.0,
			0.0,
			0.0,
			1293.8419532539515,
			0.0,
			1279.5,
			746.5,
			1.0
		],
		"width" : 2560
	},
	"version_major" : 1,
	"version_minor" : 0
}