{
	"class_name" : "PinholeCameraParameters",
	"extrinsic" : 
	[
		0.96483536714819118,
		0.25302763690337093,
		-0.071202031313096784,
		0.0,
		0.25220581034865552,
		-0.96745741819022746,
		-0.020454173536894257,
		0.0,
		-0.074060404578920158,
		0.0017773440283922713,
		-0.99725217348562922,
		0.0,
		-1.329734495314483e-05,
		-0.00016569943902394746,
		16.651946435759694,
		1.0
	],
	"intrinsic" : 
	{
		"height" : 1080,
		"intrinsic_matrix" : 
		[
			935.30743608719376,
			0.0,
			0.0,
			0.0,
			935.30743608719376,
			0.0,
			959.5,
			539.5,
			1.0
		],
		"width" : 1920
	},
	"version_major" : 1,
	"version_minor" : 0
}