{
	"class_name" : "PinholeCameraParameters",
	"extrinsic" : 
	[
		0.18715528339220491,
		0.58817691462082267,
		0.78677875988457713,
		0.0,
		0.24763172955451551,
		0.74681585852474985,
		-0.61720709650309458,
		0.0,
		-0.95060582073550481,
		0.31034495414469138,
		-0.0058807330076005703,
		0.0,
		4.9960036108132044e-16,
		-1.0755285551056204e-15,
		24.248711305964289,
		1.0
	],
	"intrinsic" : 
	{
		"height" : 1080,
		"intrinsic_matrix" : 
		[
			935.30743608719376,
			0.0,
			0.0,
			0.0,
			935.30743608719376,
			0.0,
			959.5,
			539.5,
			1.0
		],
		"width" : 1920
	},
	"version_major" : 1,
	"version_minor" : 0
}