{
	"class_name" : "PinholeCameraParameters",
	"extrinsic" : 
	[
		0.43088006523852096,
		-0.099603783719131062,
		0.89689545413547533,
		0.0,
		0.62883670664663582,
		0.74598313437529429,
		-0.21925683478839308,
		0.0,
		-0.64723007173173053,
		0.65847418286250547,
		0.38406377692994526,
		0.0,
		-10.504544611573513,
		2.4317380778535682,
		23.567078593520684,
		1.0
	],
	"intrinsic" : 
	{
		"height" : 1494,
		"intrinsic_matrix" : 
		[
			1293.8419532539515,
			0.0,
			0.0,
			0.0,
			1293.8419532539515,
			0.0,
			1279.5,
			746.5,
			1.0
		],
		"width" : 2560
	},
	"version_major" : 1,
	"version_minor" : 0
}