{
	"class_name" : "PinholeCameraParameters",
	"extrinsic" : 
	[
		0.8027876445107277,
		-0.13032360254544398,
		0.58184856830664688,
		0.0,
		-0.55408464821287318,
		-0.52354703017775406,
		0.6472161229503407,
		0.0,
		0.22027755318173964,
		-0.84197046611602178,
		-0.49250739461721266,
		0.0,
		-20.06969111276819,
		3.2580900636360965,
		40.879411634537902,
		1.0
	],
	"intrinsic" : 
	{
		"height" : 1080,
		"intrinsic_matrix" : 
		[
			935.30743608719376,
			0.0,
			0.0,
			0.0,
			935.30743608719376,
			0.0,
			959.5,
			539.5,
			1.0
		],
		"width" : 1920
	},
	"version_major" : 1,
	"version_minor" : 0
}