{
	"class_name" : "PinholeCameraParameters",
	"extrinsic" : 
	[
		0.61874669438694496,
		0.094446806944143355,
		-0.77989251108295965,
		0.0,
		-0.21696742107231121,
		-0.93358892207856781,
		-0.28519618294326537,
		0.0,
		-0.75503487759073684,
		0.3456754622911985,
		-0.55716317932119974,
		0.0,
		2.1411403495391328,
		0.49623367220011438,
		16.404223385152257,
		1.0
	],
	"intrinsic" : 
	{
		"height" : 1080,
		"intrinsic_matrix" : 
		[
			935.30743608719376,
			0.0,
			0.0,
			0.0,
			935.30743608719376,
			0.0,
			959.5,
			539.5,
			1.0
		],
		"width" : 1920
	},
	"version_major" : 1,
	"version_minor" : 0
}