{
	"class_name" : "PinholeCameraParameters",
	"extrinsic" : 
	[
		-0.18605245646636209,
		0.95492423487477995,
		0.23130972545841794,
		0.0,
		0.97900180424322047,
		0.16021156755912297,
		0.12604650296127898,
		0.0,
		0.083306366691577483,
		0.24990390006773566,
		-0.96468030455668774,
		0.0,
		2.2204460492503131e-16,
		0.0,
		24.248711305964289,
		1.0
	],
	"intrinsic" : 
	{
		"height" : 1494,
		"intrinsic_matrix" : 
		[
			1293.8419532539515,
			0.0,
			0.0,
			0.0,
			1293.8419532539515,
			0.0,
			1279.5,
			746.5,
			1.0
		],
		"width" : 2560
	},
	"version_major" : 1,
	"version_minor" : 0
}