{
	"class_name" : "PinholeCameraParameters",
	"extrinsic" : 
	[
		0.62898339460244213,
		-0.70708117371694057,
		0.32313480637260711,
		0.0,
		0.15758189143908605,
		-0.29106338580250496,
		-0.94363661063762372,
		0.0,
		0.76128039302537454,
		0.64445195260799382,
		-0.071650847691255418,
		0.0,
		2.2099421492782767e-07,
		-2.4844101531584784e-07,
		24.248711419285264,
		1.0
	],
	"intrinsic" : 
	{
		"height" : 1080,
		"intrinsic_matrix" : 
		[
			935.30743608719376,
			0.0,
			0.0,
			0.0,
			935.30743608719376,
			0.0,
			959.5,
			539.5,
			1.0
		],
		"width" : 1920
	},
	"version_major" : 1,
	"version_minor" : 0
}