{
	"class_name" : "PinholeCameraParameters",
	"extrinsic" : 
	[
		0.56348516604248322,
		0.092106707910097285,
		-0.82097553069993445,
		0.0,
		-0.23592087264206082,
		-0.93444030819701684,
		-0.2667632888320145,
		0.0,
		-0.79172331625504355,
		0.3440024197220542,
		-0.50481335731484767,
		0.0,
		1.9772366179393694,
		0.48932567349914935,
		16.260604640966243,
		1.0
	],
	"intrinsic" : 
	{
		"height" : 1080,
		"intrinsic_matrix" : 
		[
			935.30743608719376,
			0.0,
			0.0,
			0.0,
			935.30743608719376,
			0.0,
			959.5,
			539.5,
			1.0
		],
		"width" : 1920
	},
	"version_major" : 1,
	"version_minor" : 0
}