{
	"class_name" : "PinholeCameraParameters",
	"extrinsic" : 
	[
		0.70742081446356764,
		-0.70043712269419167,
		0.094570758776614972,
		0.0,
		0.65962098159993976,
		0.70233295330511014,
		0.26763516834462187,
		0.0,
		-0.25388176755496766,
		-0.12694983203456456,
		0.95886797227228382,
		0.0,
		-0.0,
		4.4408920985006262e-16,
		24.248711305964285,
		1.0
	],
	"intrinsic" : 
	{
		"height" : 1494,
		"intrinsic_matrix" : 
		[
			1293.8419532539515,
			0.0,
			0.0,
			0.0,
			1293.8419532539515,
			0.0,
			1279.5,
			746.5,
			1.0
		],
		"width" : 2560
	},
	"version_major" : 1,
	"version_minor" : 0
}