{
	"class_name" : "PinholeCameraParameters",
	"extrinsic" : 
	[
		-0.45462244221589426,
		0.88250368033207083,
		-0.12043956672956768,
		0.0,
		0.78418098119179258,
		0.33246495140259985,
		-0.52395347582198981,
		0.0,
		-0.42234893603599083,
		-0.33264742639800626,
		-0.84318863010600986,
		0.0,
		-0.0,
		8.8817841970012523e-16,
		24.248711305964285,
		1.0
	],
	"intrinsic" : 
	{
		"height" : 1080,
		"intrinsic_matrix" : 
		[
			935.30743608719376,
			0.0,
			0.0,
			0.0,
			935.30743608719376,
			0.0,
			959.5,
			539.5,
			1.0
		],
		"width" : 1920
	},
	"version_major" : 1,
	"version_minor" : 0
}