{
	"class_name" : "PinholeCameraParameters",
	"extrinsic" : 
	[
		0.49557185973213763,
		-0.86856551019426786,
		0.0015768140670211241,
		0.0,
		-0.86856478522213776,
		-0.4955738580204076,
		-0.0013285777322467063,
		0.0,
		0.0019353846264161113,
		-0.00071115943388924208,
		-0.99999787426704445,
		0.0,
		-5.5511151231257827e-17,
		0.0,
		216.50635094610982,
		1.0
	],
	"intrinsic" : 
	{
		"height" : 1080,
		"intrinsic_matrix" : 
		[
			935.30743608719376,
			0.0,
			0.0,
			0.0,
			935.30743608719376,
			0.0,
			959.5,
			539.5,
			1.0
		],
		"width" : 1920
	},
	"version_major" : 1,
	"version_minor" : 0
}