{
	"class_name" : "PinholeCameraParameters",
	"extrinsic" : 
	[
		0.43509389236762769,
		-0.9002715038269361,
		0.014301196508490504,
		0.0,
		-0.80091156438299504,
		-0.37971934915380173,
		0.46298367348730224,
		0.0,
		-0.41138056694740804,
		-0.2128953622684169,
		-0.88625142813009261,
		0.0,
		1.9465823001496574e-05,
		1.0956704738163126e-05,
		24.238657842605519,
		1.0
	],
	"intrinsic" : 
	{
		"height" : 1494,
		"intrinsic_matrix" : 
		[
			1293.8419532539515,
			0.0,
			0.0,
			0.0,
			1293.8419532539515,
			0.0,
			1279.5,
			746.5,
			1.0
		],
		"width" : 2560
	},
	"version_major" : 1,
	"version_minor" : 0
}