{
	"class_name" : "PinholeCameraParameters",
	"extrinsic" : 
	[
		-0.49949069091532816,
		0.83189275056679746,
		0.24179226878321872,
		0.0,
		-0.35958170992577088,
		0.054841127837724435,
		-0.93150064121520881,
		0.0,
		-0.78816879129776951,
		-0.55221997632455722,
		0.27174078488942099,
		0.0,
		-0.0,
		0.0,
		24.248711305964285,
		1.0
	],
	"intrinsic" : 
	{
		"height" : 1494,
		"intrinsic_matrix" : 
		[
			1293.8419532539515,
			0.0,
			0.0,
			0.0,
			1293.8419532539515,
			0.0,
			1279.5,
			746.5,
			1.0
		],
		"width" : 2560
	},
	"version_major" : 1,
	"version_minor" : 0
}