{
	"class_name" : "PinholeCameraParameters",
	"extrinsic" : 
	[
		-0.017424375585628767,
		-0.11046362070142869,
		-0.99372741717081647,
		0.0,
		0.080785407497771633,
		0.99047330199567385,
		-0.11151841089795736,
		0.0,
		0.99657920361146912,
		-0.082221813014051001,
		-0.0083345302094663294,
		0.0,
		-0.0011578541242383555,
		-0.00067429938200351189,
		24.246305887075458,
		1.0
	],
	"intrinsic" : 
	{
		"height" : 1080,
		"intrinsic_matrix" : 
		[
			935.30743608719376,
			0.0,
			0.0,
			0.0,
			935.30743608719376,
			0.0,
			959.5,
			539.5,
			1.0
		],
		"width" : 1920
	},
	"version_major" : 1,
	"version_minor" : 0
}